video_id,frame_index,timestamp,quality_status,face_detected,face_confidence,gate_value,spatial_dim,frequency_dim,fused_dim
acceptance_300_frames,0,0.0,valid,True,0.7045,0.4992,256,256,256
acceptance_300_frames,3,0.12,valid,True,0.8459,0.4991,256,256,256
acceptance_300_frames,4,0.16,valid,True,0.9664,0.4991,256,256,256
acceptance_300_frames,6,0.24,valid,True,0.8661,0.4991,256,256,256
acceptance_300_frames,7,0.28,valid,True,0.8797,0.4991,256,256,256
acceptance_300_frames,9,0.36,valid,True,0.9078,0.4991,256,256,256
acceptance_300_frames,11,0.44,valid,True,0.7604,0.4991,256,256,256
acceptance_300_frames,13,0.52,valid,True,0.7899,0.4992,256,256,256
acceptance_300_frames,14,0.56,valid,True,0.9517,0.4992,256,256,256
acceptance_300_frames,16,0.64,valid,True,0.9309,0.4991,256,256,256
acceptance_300_frames,26,1.04,valid,True,0.8723,0.499,256,256,256
acceptance_300_frames,27,1.08,valid,True,0.8347,0.499,256,256,256
acceptance_300_frames,29,1.16,valid,True,0.7473,0.4991,256,256,256
acceptance_300_frames,33,1.32,valid,True,0.7277,0.499,256,256,256
acceptance_300_frames,34,1.36,valid,True,0.7275,0.499,256,256,256
acceptance_300_frames,36,1.44,valid,True,0.9758,0.4991,256,256,256
acceptance_300_frames,37,1.48,valid,True,0.9781,0.4992,256,256,256
acceptance_300_frames,39,1.56,valid,True,0.9772,0.499,256,256,256
acceptance_300_frames,40,1.6,valid,True,0.9407,0.4991,256,256,256
acceptance_300_frames,41,1.64,valid,True,0.9684,0.4991,256,256,256
acceptance_300_frames,43,1.72,valid,True,0.9725,0.4991,256,256,256
acceptance_300_frames,44,1.76,valid,True,0.9671,0.499,256,256,256
acceptance_300_frames,46,1.84,valid,True,0.9681,0.4991,256,256,256
acceptance_300_frames,47,1.88,valid,True,0.9724,0.499,256,256,256
acceptance_300_frames,49,1.96,valid,True,0.9628,0.499,256,256,256
acceptance_300_frames,50,2.0,valid,True,0.9248,0.4991,256,256,256
acceptance_300_frames,56,2.24,valid,True,0.7526,0.4992,256,256,256
acceptance_300_frames,59,2.36,valid,True,0.7488,0.4991,256,256,256
acceptance_300_frames,60,2.4,valid,True,0.761,0.4991,256,256,256
acceptance_300_frames,62,2.48,valid,True,0.7127,0.4992,256,256,256
acceptance_300_frames,63,2.52,valid,True,0.8032,0.4991,256,256,256
acceptance_300_frames,64,2.56,valid,True,0.9654,0.4991,256,256,256
acceptance_300_frames,66,2.64,valid,True,0.9402,0.4991,256,256,256
acceptance_300_frames,67,2.68,valid,True,0.9074,0.4991,256,256,256
acceptance_300_frames,69,2.76,valid,True,0.9107,0.4991,256,256,256
acceptance_300_frames,70,2.8,valid,True,0.7354,0.4991,256,256,256
acceptance_300_frames,72,2.88,valid,True,0.7892,0.4992,256,256,256
acceptance_300_frames,73,2.92,valid,True,0.7899,0.4992,256,256,256
acceptance_300_frames,74,2.96,valid,True,0.9517,0.4992,256,256,256
acceptance_300_frames,76,3.04,valid,True,0.9309,0.4991,256,256,256
acceptance_300_frames,82,3.28,valid,True,0.7142,0.4991,256,256,256
acceptance_300_frames,86,3.44,valid,True,0.8723,0.499,256,256,256
acceptance_300_frames,87,3.48,valid,True,0.8347,0.499,256,256,256
acceptance_300_frames,89,3.56,valid,True,0.7473,0.4991,256,256,256
acceptance_300_frames,93,3.72,valid,True,0.7277,0.499,256,256,256
acceptance_300_frames,94,3.76,valid,True,0.7275,0.499,256,256,256
acceptance_300_frames,96,3.84,valid,True,0.9758,0.4991,256,256,256
acceptance_300_frames,97,3.88,valid,True,0.9781,0.4992,256,256,256
acceptance_300_frames,99,3.96,valid,True,0.9772,0.499,256,256,256
acceptance_300_frames,100,4.0,valid,True,0.974,0.499,256,256,256
acceptance_300_frames,102,4.08,valid,True,0.9731,0.4991,256,256,256
acceptance_300_frames,103,4.12,valid,True,0.9731,0.4991,256,256,256
acceptance_300_frames,104,4.16,valid,True,0.9572,0.499,256,256,256
acceptance_300_frames,106,4.24,valid,True,0.9566,0.499,256,256,256
acceptance_300_frames,107,4.28,valid,True,0.9743,0.499,256,256,256
acceptance_300_frames,109,4.36,valid,True,0.9628,0.499,256,256,256
acceptance_300_frames,110,4.4,valid,True,0.9248,0.4991,256,256,256
acceptance_300_frames,116,4.64,valid,True,0.7526,0.4992,256,256,256
acceptance_300_frames,119,4.76,valid,True,0.7488,0.4991,256,256,256
acceptance_300_frames,120,4.8,valid,True,0.7226,0.4992,256,256,256
acceptance_300_frames,122,4.88,valid,True,0.762,0.4992,256,256,256
acceptance_300_frames,123,4.92,valid,True,0.847,0.4992,256,256,256
acceptance_300_frames,124,4.96,valid,True,0.965,0.4991,256,256,256
acceptance_300_frames,126,5.04,valid,True,0.8797,0.4991,256,256,256
acceptance_300_frames,127,5.08,valid,True,0.9082,0.4991,256,256,256
acceptance_300_frames,129,5.16,valid,True,0.9102,0.4991,256,256,256
acceptance_300_frames,130,5.2,valid,True,0.7368,0.4991,256,256,256
acceptance_300_frames,132,5.28,valid,True,0.7892,0.4992,256,256,256
acceptance_300_frames,133,5.32,valid,True,0.7899,0.4992,256,256,256
acceptance_300_frames,134,5.36,valid,True,0.9517,0.4992,256,256,256
acceptance_300_frames,136,5.44,valid,True,0.9309,0.4991,256,256,256
acceptance_300_frames,142,5.68,valid,True,0.7153,0.4991,256,256,256
acceptance_300_frames,146,5.84,valid,True,0.8739,0.499,256,256,256
acceptance_300_frames,147,5.88,valid,True,0.8208,0.499,256,256,256
acceptance_300_frames,149,5.96,valid,True,0.7453,0.4991,256,256,256
acceptance_300_frames,152,6.08,valid,True,0.7126,0.4991,256,256,256
acceptance_300_frames,153,6.12,valid,True,0.7291,0.499,256,256,256
acceptance_300_frames,155,6.2,valid,True,0.7411,0.4991,256,256,256
acceptance_300_frames,156,6.24,valid,True,0.9758,0.4991,256,256,256
acceptance_300_frames,157,6.28,valid,True,0.9781,0.4992,256,256,256
acceptance_300_frames,159,6.36,valid,True,0.9772,0.499,256,256,256
acceptance_300_frames,160,6.4,valid,True,0.9407,0.4991,256,256,256
acceptance_300_frames,162,6.48,valid,True,0.9725,0.499,256,256,256
acceptance_300_frames,163,6.52,valid,True,0.9725,0.4991,256,256,256
acceptance_300_frames,165,6.6,valid,True,0.9561,0.499,256,256,256
acceptance_300_frames,166,6.64,valid,True,0.9681,0.4991,256,256,256
acceptance_300_frames,167,6.68,valid,True,0.9724,0.499,256,256,256
acceptance_300_frames,169,6.76,valid,True,0.9628,0.499,256,256,256
acceptance_300_frames,170,6.8,valid,True,0.9248,0.4991,256,256,256
acceptance_300_frames,176,7.04,valid,True,0.7813,0.4992,256,256,256
acceptance_300_frames,177,7.08,valid,True,0.7492,0.4991,256,256,256
acceptance_300_frames,179,7.16,valid,True,0.7892,0.4992,256,256,256
acceptance_300_frames,180,7.2,valid,True,0.761,0.4991,256,256,256
acceptance_300_frames,182,7.28,valid,True,0.7127,0.4992,256,256,256
acceptance_300_frames,183,7.32,valid,True,0.8032,0.4991,256,256,256
acceptance_300_frames,185,7.4,valid,True,0.9666,0.4991,256,256,256
acceptance_300_frames,186,7.44,valid,True,0.9402,0.4991,256,256,256
acceptance_300_frames,187,7.48,valid,True,0.9074,0.4991,256,256,256
acceptance_300_frames,189,7.56,valid,True,0.9107,0.4991,256,256,256
acceptance_300_frames,190,7.6,valid,True,0.7615,0.4991,256,256,256
acceptance_300_frames,192,7.68,valid,True,0.7892,0.4992,256,256,256
acceptance_300_frames,193,7.72,valid,True,0.7899,0.4992,256,256,256
acceptance_300_frames,195,7.8,valid,True,0.8802,0.4991,256,256,256
acceptance_300_frames,196,7.84,valid,True,0.9309,0.4991,256,256,256
acceptance_300_frames,205,8.2,valid,True,0.7071,0.4991,256,256,256
acceptance_300_frames,206,8.24,valid,True,0.8739,0.499,256,256,256
acceptance_300_frames,207,8.28,valid,True,0.8208,0.499,256,256,256
acceptance_300_frames,209,8.36,valid,True,0.7453,0.4991,256,256,256
acceptance_300_frames,212,8.48,valid,True,0.7126,0.4991,256,256,256
acceptance_300_frames,213,8.52,valid,True,0.7291,0.499,256,256,256
acceptance_300_frames,215,8.6,valid,True,0.7411,0.4991,256,256,256
acceptance_300_frames,216,8.64,valid,True,0.9758,0.4991,256,256,256
acceptance_300_frames,217,8.68,valid,True,0.9781,0.4992,256,256,256
acceptance_300_frames,219,8.76,valid,True,0.9772,0.499,256,256,256
acceptance_300_frames,220,8.8,valid,True,0.974,0.499,256,256,256
acceptance_300_frames,222,8.88,valid,True,0.9731,0.4991,256,256,256
acceptance_300_frames,223,8.92,valid,True,0.9731,0.4991,256,256,256
acceptance_300_frames,225,9.0,valid,True,0.9245,0.499,256,256,256
acceptance_300_frames,226,9.04,valid,True,0.9566,0.499,256,256,256
acceptance_300_frames,227,9.08,valid,True,0.9743,0.499,256,256,256
acceptance_300_frames,229,9.16,valid,True,0.9628,0.499,256,256,256
acceptance_300_frames,230,9.2,valid,True,0.9248,0.4991,256,256,256
acceptance_300_frames,236,9.44,valid,True,0.7813,0.4992,256,256,256
acceptance_300_frames,237,9.48,valid,True,0.7492,0.4991,256,256,256
acceptance_300_frames,239,9.56,valid,True,0.7892,0.4992,256,256,256
acceptance_300_frames,240,9.6,valid,True,0.7226,0.4992,256,256,256
acceptance_300_frames,242,9.68,valid,True,0.762,0.4992,256,256,256
acceptance_300_frames,243,9.72,valid,True,0.847,0.4992,256,256,256
acceptance_300_frames,245,9.8,valid,True,0.9675,0.4991,256,256,256
acceptance_300_frames,246,9.84,valid,True,0.8797,0.4991,256,256,256
acceptance_300_frames,247,9.88,valid,True,0.9082,0.4991,256,256,256
acceptance_300_frames,249,9.96,valid,True,0.9102,0.4991,256,256,256
acceptance_300_frames,250,10.0,valid,True,0.7368,0.4991,256,256,256
acceptance_300_frames,252,10.08,valid,True,0.7892,0.4992,256,256,256
acceptance_300_frames,253,10.12,valid,True,0.7899,0.4992,256,256,256
acceptance_300_frames,255,10.2,valid,True,0.8802,0.4991,256,256,256
acceptance_300_frames,256,10.24,valid,True,0.9309,0.4991,256,256,256
acceptance_300_frames,262,10.48,valid,True,0.7153,0.4991,256,256,256
acceptance_300_frames,265,10.6,valid,True,0.7071,0.4991,256,256,256
acceptance_300_frames,266,10.64,valid,True,0.8739,0.499,256,256,256
acceptance_300_frames,268,10.72,valid,True,0.7761,0.4991,256,256,256
acceptance_300_frames,269,10.76,valid,True,0.7453,0.4991,256,256,256
acceptance_300_frames,272,10.88,valid,True,0.7126,0.4991,256,256,256
acceptance_300_frames,273,10.92,valid,True,0.7291,0.499,256,256,256
acceptance_300_frames,275,11.0,valid,True,0.7411,0.4991,256,256,256
acceptance_300_frames,276,11.04,valid,True,0.9758,0.4991,256,256,256
acceptance_300_frames,278,11.12,valid,True,0.9781,0.4991,256,256,256
acceptance_300_frames,279,11.16,valid,True,0.9772,0.499,256,256,256
acceptance_300_frames,280,11.2,valid,True,0.9407,0.4991,256,256,256
acceptance_300_frames,282,11.28,valid,True,0.9725,0.499,256,256,256
acceptance_300_frames,283,11.32,valid,True,0.9725,0.4991,256,256,256
acceptance_300_frames,285,11.4,valid,True,0.9561,0.499,256,256,256
acceptance_300_frames,286,11.44,valid,True,0.9681,0.4991,256,256,256
acceptance_300_frames,288,11.52,valid,True,0.9733,0.499,256,256,256
acceptance_300_frames,289,11.56,valid,True,0.9628,0.499,256,256,256
acceptance_300_frames,290,11.6,valid,True,0.9628,0.499,256,256,256
acceptance_300_frames,296,11.84,valid,True,0.7534,0.4992,256,256,256
acceptance_300_frames,298,11.92,valid,True,0.8633,0.499,256,256,256
acceptance_300_frames,299,11.96,valid,True,0.886,0.499,256,256,256
