video_id,frame_index,timestamp,quality_status,face_detected,face_confidence,mouth_status
acceptance_multimodal_300,3,0.12,valid,True,0.8164,extracted
acceptance_multimodal_300,4,0.16,valid,True,0.8568,extracted
acceptance_multimodal_300,6,0.24,valid,True,0.7853,extracted
acceptance_multimodal_300,7,0.28,valid,True,0.7648,extracted
acceptance_multimodal_300,9,0.36,valid,True,0.7176,extracted
acceptance_multimodal_300,11,0.44,valid,True,0.9196,extracted
acceptance_multimodal_300,13,0.52,valid,True,0.9711,extracted
acceptance_multimodal_300,14,0.56,valid,True,0.9296,extracted
acceptance_multimodal_300,16,0.64,valid,True,0.9298,extracted
acceptance_multimodal_300,17,0.68,valid,True,0.9538,extracted
acceptance_multimodal_300,19,0.76,valid,True,0.7301,extracted
acceptance_multimodal_300,20,0.8,valid,True,0.8041,extracted
acceptance_multimodal_300,21,0.84,valid,True,0.8618,extracted
acceptance_multimodal_300,23,0.92,valid,True,0.7048,extracted
acceptance_multimodal_300,24,0.96,valid,True,0.7905,extracted
acceptance_multimodal_300,26,1.04,valid,True,0.7336,extracted
acceptance_multimodal_300,27,1.08,valid,True,0.7406,extracted
acceptance_multimodal_300,29,1.16,valid,True,0.8642,extracted
acceptance_multimodal_300,30,1.2,valid,True,0.7237,extracted
acceptance_multimodal_300,33,1.32,valid,True,0.86,extracted
acceptance_multimodal_300,34,1.36,valid,True,0.9089,extracted
acceptance_multimodal_300,36,1.44,valid,True,0.8323,extracted
acceptance_multimodal_300,37,1.48,valid,True,0.8908,extracted
acceptance_multimodal_300,39,1.56,valid,True,0.8354,extracted
acceptance_multimodal_300,40,1.6,valid,True,0.8991,extracted
acceptance_multimodal_300,41,1.64,valid,True,0.9305,extracted
acceptance_multimodal_300,43,1.72,valid,True,0.8315,extracted
acceptance_multimodal_300,44,1.76,valid,True,0.8482,extracted
acceptance_multimodal_300,46,1.84,valid,True,0.7266,extracted
acceptance_multimodal_300,47,1.88,valid,True,0.8279,extracted
acceptance_multimodal_300,49,1.96,valid,True,0.8449,extracted
acceptance_multimodal_300,50,2.0,valid,True,0.8717,extracted
acceptance_multimodal_300,52,2.08,valid,True,0.7366,extracted
acceptance_multimodal_300,53,2.12,valid,True,0.8411,extracted
acceptance_multimodal_300,54,2.16,valid,True,0.8408,extracted
acceptance_multimodal_300,56,2.24,valid,True,0.8249,extracted
acceptance_multimodal_300,57,2.28,valid,True,0.972,extracted
acceptance_multimodal_300,59,2.36,valid,True,0.8968,extracted
acceptance_multimodal_300,62,2.48,valid,True,0.8849,extracted
acceptance_multimodal_300,63,2.52,valid,True,0.7641,extracted
acceptance_multimodal_300,64,2.56,valid,True,0.7691,extracted
acceptance_multimodal_300,66,2.64,valid,True,0.7735,extracted
acceptance_multimodal_300,67,2.68,valid,True,0.7931,extracted
acceptance_multimodal_300,69,2.76,valid,True,0.8729,extracted
acceptance_multimodal_300,70,2.8,valid,True,0.9251,extracted
acceptance_multimodal_300,73,2.92,valid,True,0.903,extracted
acceptance_multimodal_300,74,2.96,valid,True,0.9338,extracted
acceptance_multimodal_300,79,3.16,valid,True,0.7817,extracted
acceptance_multimodal_300,82,3.28,valid,True,0.8429,extracted
acceptance_multimodal_300,83,3.32,valid,True,0.8702,extracted
acceptance_multimodal_300,84,3.36,valid,True,0.8683,extracted
acceptance_multimodal_300,86,3.44,valid,True,0.8793,extracted
acceptance_multimodal_300,87,3.48,valid,True,0.7205,extracted
acceptance_multimodal_300,89,3.56,valid,True,0.9285,extracted
acceptance_multimodal_300,90,3.6,valid,True,0.9218,extracted
acceptance_multimodal_300,92,3.68,valid,True,0.867,extracted
acceptance_multimodal_300,93,3.72,valid,True,0.848,extracted
acceptance_multimodal_300,94,3.76,valid,True,0.9227,extracted
acceptance_multimodal_300,96,3.84,valid,True,0.9124,extracted
acceptance_multimodal_300,97,3.88,valid,True,0.7184,extracted
acceptance_multimodal_300,99,3.96,valid,True,0.7268,extracted
acceptance_multimodal_300,100,4.0,valid,True,0.8091,extracted
acceptance_multimodal_300,102,4.08,valid,True,0.8756,extracted
acceptance_multimodal_300,103,4.12,valid,True,0.8456,extracted
acceptance_multimodal_300,104,4.16,valid,True,0.9017,extracted
acceptance_multimodal_300,106,4.24,valid,True,0.8115,extracted
acceptance_multimodal_300,107,4.28,valid,True,0.7852,extracted
acceptance_multimodal_300,109,4.36,valid,True,0.895,extracted
acceptance_multimodal_300,112,4.48,valid,True,0.9452,extracted
acceptance_multimodal_300,113,4.52,valid,True,0.9745,extracted
acceptance_multimodal_300,114,4.56,valid,True,0.8738,extracted
acceptance_multimodal_300,116,4.64,valid,True,0.8732,extracted
acceptance_multimodal_300,117,4.68,valid,True,0.9392,extracted
acceptance_multimodal_300,119,4.76,valid,True,0.8036,extracted
acceptance_multimodal_300,120,4.8,valid,True,0.8899,extracted
acceptance_multimodal_300,122,4.88,valid,True,0.856,extracted
acceptance_multimodal_300,124,4.96,valid,True,0.8264,extracted
acceptance_multimodal_300,126,5.04,valid,True,0.8068,extracted
acceptance_multimodal_300,127,5.08,valid,True,0.733,extracted
acceptance_multimodal_300,129,5.16,valid,True,0.8095,extracted
acceptance_multimodal_300,132,5.28,valid,True,0.8844,extracted
acceptance_multimodal_300,133,5.32,valid,True,0.9141,extracted
acceptance_multimodal_300,134,5.36,valid,True,0.8449,extracted
acceptance_multimodal_300,136,5.44,valid,True,0.8446,extracted
acceptance_multimodal_300,137,5.48,valid,True,0.8707,extracted
acceptance_multimodal_300,139,5.56,valid,True,0.8218,extracted
acceptance_multimodal_300,140,5.6,valid,True,0.8373,extracted
acceptance_multimodal_300,142,5.68,valid,True,0.977,extracted
acceptance_multimodal_300,143,5.72,valid,True,0.8413,extracted
acceptance_multimodal_300,144,5.76,valid,True,0.8272,extracted
acceptance_multimodal_300,146,5.84,valid,True,0.8916,extracted
acceptance_multimodal_300,147,5.88,valid,True,0.8418,extracted
acceptance_multimodal_300,149,5.96,valid,True,0.8551,extracted
acceptance_multimodal_300,150,6.0,valid,True,0.7781,extracted
acceptance_multimodal_300,153,6.12,valid,True,0.8388,extracted
acceptance_multimodal_300,155,6.2,valid,True,0.9014,extracted
acceptance_multimodal_300,156,6.24,valid,True,0.7949,extracted
acceptance_multimodal_300,157,6.28,valid,True,0.8975,extracted
acceptance_multimodal_300,159,6.36,valid,True,0.8954,extracted
acceptance_multimodal_300,162,6.48,valid,True,0.8879,extracted
acceptance_multimodal_300,163,6.52,valid,True,0.7624,extracted
acceptance_multimodal_300,166,6.64,valid,True,0.7957,extracted
acceptance_multimodal_300,167,6.68,valid,True,0.8132,extracted
acceptance_multimodal_300,169,6.76,valid,True,0.8585,extracted
acceptance_multimodal_300,170,6.8,valid,True,0.889,extracted
acceptance_multimodal_300,173,6.92,valid,True,0.9492,extracted
acceptance_multimodal_300,176,7.04,valid,True,0.897,extracted
acceptance_multimodal_300,179,7.16,valid,True,0.7139,extracted
acceptance_multimodal_300,180,7.2,valid,True,0.7027,extracted
acceptance_multimodal_300,182,7.28,valid,True,0.864,extracted
acceptance_multimodal_300,183,7.32,valid,True,0.8453,extracted
acceptance_multimodal_300,185,7.4,valid,True,0.9076,extracted
acceptance_multimodal_300,187,7.48,valid,True,0.8394,extracted
acceptance_multimodal_300,189,7.56,valid,True,0.9301,extracted
acceptance_multimodal_300,190,7.6,valid,True,0.8498,extracted
acceptance_multimodal_300,192,7.68,valid,True,0.8644,extracted
acceptance_multimodal_300,193,7.72,valid,True,0.8322,extracted
acceptance_multimodal_300,195,7.8,valid,True,0.8969,extracted
acceptance_multimodal_300,196,7.84,valid,True,0.8988,extracted
acceptance_multimodal_300,199,7.96,valid,True,0.7616,extracted
acceptance_multimodal_300,200,8.0,valid,True,0.7901,extracted
acceptance_multimodal_300,202,8.08,valid,True,0.8661,extracted
acceptance_multimodal_300,203,8.12,valid,True,0.845,extracted
acceptance_multimodal_300,205,8.2,valid,True,0.9167,extracted
acceptance_multimodal_300,206,8.24,valid,True,0.8733,extracted
acceptance_multimodal_300,207,8.28,valid,True,0.7556,extracted
acceptance_multimodal_300,209,8.36,valid,True,0.7803,extracted
acceptance_multimodal_300,210,8.4,valid,True,0.7222,extracted
acceptance_multimodal_300,212,8.48,valid,True,0.9334,extracted
acceptance_multimodal_300,213,8.52,valid,True,0.9147,extracted
acceptance_multimodal_300,215,8.6,valid,True,0.8901,extracted
acceptance_multimodal_300,216,8.64,valid,True,0.891,extracted
acceptance_multimodal_300,217,8.68,valid,True,0.9615,extracted
acceptance_multimodal_300,219,8.76,valid,True,0.7386,extracted
acceptance_multimodal_300,220,8.8,valid,True,0.9145,extracted
acceptance_multimodal_300,222,8.88,valid,True,0.8304,extracted
acceptance_multimodal_300,227,9.08,valid,True,0.8446,extracted
acceptance_multimodal_300,229,9.16,valid,True,0.8507,extracted
acceptance_multimodal_300,232,9.28,valid,True,0.8882,extracted
acceptance_multimodal_300,233,9.32,valid,True,0.9222,extracted
acceptance_multimodal_300,235,9.4,valid,True,0.8457,extracted
acceptance_multimodal_300,236,9.44,valid,True,0.8456,extracted
acceptance_multimodal_300,237,9.48,valid,True,0.8692,extracted
acceptance_multimodal_300,239,9.56,valid,True,0.8703,extracted
acceptance_multimodal_300,240,9.6,valid,True,0.7719,extracted
acceptance_multimodal_300,242,9.68,valid,True,0.7435,extracted
acceptance_multimodal_300,243,9.72,valid,True,0.8991,extracted
acceptance_multimodal_300,246,9.84,valid,True,0.727,extracted
acceptance_multimodal_300,247,9.88,valid,True,0.8348,extracted
acceptance_multimodal_300,249,9.96,valid,True,0.8217,extracted
acceptance_multimodal_300,250,10.0,valid,True,0.7804,extracted
acceptance_multimodal_300,252,10.08,valid,True,0.7186,extracted
acceptance_multimodal_300,253,10.12,valid,True,0.907,extracted
acceptance_multimodal_300,255,10.2,valid,True,0.8482,extracted
acceptance_multimodal_300,256,10.24,valid,True,0.8271,extracted
acceptance_multimodal_300,258,10.32,valid,True,0.9615,extracted
acceptance_multimodal_300,259,10.36,valid,True,0.8945,extracted
acceptance_multimodal_300,262,10.48,valid,True,0.8875,extracted
acceptance_multimodal_300,263,10.52,valid,True,0.7655,extracted
acceptance_multimodal_300,265,10.6,valid,True,0.7258,extracted
acceptance_multimodal_300,266,10.64,valid,True,0.7991,extracted
acceptance_multimodal_300,268,10.72,valid,True,0.8919,extracted
acceptance_multimodal_300,269,10.76,valid,True,0.8673,extracted
acceptance_multimodal_300,270,10.8,valid,True,0.9122,extracted
acceptance_multimodal_300,273,10.92,valid,True,0.8771,extracted
acceptance_multimodal_300,278,11.12,valid,True,0.844,extracted
acceptance_multimodal_300,279,11.16,valid,True,0.7834,extracted
acceptance_multimodal_300,282,11.28,valid,True,0.7224,extracted
acceptance_multimodal_300,283,11.32,valid,True,0.869,extracted
acceptance_multimodal_300,285,11.4,valid,True,0.9039,extracted
acceptance_multimodal_300,288,11.52,valid,True,0.7757,extracted
acceptance_multimodal_300,289,11.56,valid,True,0.9308,extracted
acceptance_multimodal_300,290,11.6,valid,True,0.8689,extracted
acceptance_multimodal_300,292,11.68,valid,True,0.8617,extracted
acceptance_multimodal_300,293,11.72,valid,True,0.8206,extracted
acceptance_multimodal_300,295,11.8,valid,True,0.9296,extracted
acceptance_multimodal_300,296,11.84,valid,True,0.9226,extracted
acceptance_multimodal_300,299,11.96,valid,True,0.824,extracted
